<?xml version="1.0" encoding="UTF-8"?>
<beans:beans xmlns="http://www.springframework.org/schema/mvc"
	xmlns:xsi="http://www.w3.org/2001/XMLSchema-instance"
	xmlns:beans="http://www.springframework.org/schema/beans"
	xmlns:context="http://www.springframework.org/schema/context"
	xsi:schemaLocation="http://www.springframework.org/schema/mvc https://www.springframework.org/schema/mvc/spring-mvc.xsd
		http://www.springframework.org/schema/beans https://www.springframework.org/schema/beans/spring-beans.xsd
		http://www.springframework.org/schema/context https://www.springframework.org/schema/context/spring-context.xsd">

	<!-- DispatcherServlet Context: defines this servlet's request-processing infrastructure -->
	
	<!-- Enables the Spring MVC @Controller programming model -->
	<annotation-driven validator = "globalValidator" />
	<beans:bean id="globalValidator" class="com.greenart.ch1.GlobalValidator.GlobalValidator"/>
	
	<!-- Handles HTTP GET requests for /resources/** by efficiently serving up static resources in the ${webappRoot}/resources directory -->
	<resources mapping="/resources/**" location="/resources/" />

	<!-- ck에디터 파일 업로드 경로 -->
	<resources mapping="/ckUpload/**" location="/resources/ckUpload/" />

	<!-- Resolves views selected for rendering by @Controllers to .jsp resources in the /WEB-INF/views directory -->
	<beans:bean class="org.springframework.web.servlet.view.InternalResourceViewResolver">
		<beans:property name="prefix" value="/WEB-INF/views/" />
		<beans:property name="suffix" value=".jsp" />
	</beans:bean>
	
	<view-controller path="/register/add" view-name="registerForm"/>

	<context:component-scan base-package="com.greenart.ch1" />
		
	<beans:bean id="multipartResolver" class="org.springframework.web.multipart.commons.CommonsMultipartResolver">
		
		<!-- 최대 업로드 가능한 바이트 크기(바이트 단위), -1은 제한이 없음을 의미 -->
		<beans:property name="maxUploadSize" value="10485760" />
		
		<!-- 업로드 요청을 변환할 때 사용할 문자 인코딩 방식 -->
		<beans:property name="defaultEncoding" value="utf-8" />
	
	</beans:bean>
		
	<beans:bean class="org.springframework.web.servlet.handler.SimpleMappingExceptionResolver">
		<beans:property name="defaultErrorView" value="error"/>
    		<beans:property name="exceptionMappings">
      			<beans:props>
					<beans:prop key="com.greenart.ch1.MyException">error400</beans:prop>
      			</beans:props>
    		</beans:property>
		<beans:property name="statusCodes">
			<beans:props>
				<beans:prop key="error400">400</beans:prop>
			</beans:props>
		</beans:property>
	</beans:bean>
	<beans:bean id="messageSource" class="org.springframework.context.support.ResourceBundleMessageSource">
		<beans:property name="basenames">
			<beans:list>
				<beans:value>error_message</beans:value><!-- /src/main/resources/error_message.properties -->
			</beans:list>
		</beans:property>
	<beans:property name="defaultEncoding" value="UTF-8"/>
	</beans:bean>
	
	<beans:bean id="mailSender" class="org.springframework.mail.javamail.JavaMailSenderImpl">
      <beans:property name="host" value="smtp.gmail.com"/>
      <beans:property name="port" value="587"/>
      <beans:property name="defaultEncoding" value="utf-8"/>
      <beans:property name="username" value="bctour88@gmail.com"/>
      <beans:property name="password" value="zubcdxepoazlrdye"/>
      <beans:property name="javaMailProperties">
         <beans:props>
            <beans:prop key="mail.transport.protocol">smtp</beans:prop>
            <beans:prop key="mail.smtp.auth">true</beans:prop>
            <beans:prop key="mail.smtp.starttls.enable">true</beans:prop>
            <beans:prop key="mail.debug">true</beans:prop>
         </beans:props>
      </beans:property>
   </beans:bean>
	
</beans:beans>
