<?xml version="1.0" encoding="UTF-8" ?>
<!DOCTYPE mapper PUBLIC "-//mybatis.org//DTD Mapper 3.0//EN"
        "http://mybatis.org/dtd/mybatis-3-mapper.dtd">
        
<mapper namespace = "com.greenart.ch1">
	<select id="count" resultType="int">
		select count(*) from board
	</select>
	
	<select id="selectAll" resultType="BoardDto">
		select bno, title, content,  writer, view_cnt, reg_date, up_date from board order by reg_date desc, bno desc
	</select>
	
	<select id="select" parameterType="int" resultType="BoardDto">
		select bno, title, content, writer, view_cnt, reg_date, up_date from board where bno = #{bno}
	</select>
	<delete id="deleteAll">
		delete from board
	</delete>
	
	<delete id="delete" parameterType="map">
		delete from board where bno= #{bno} and writer= #{writer}
	</delete>
	
	<insert id="insert" parameterType="BoardDto">
		insert into board (title, content, writer) values(#{title}, #{content}, #{writer})
	</insert>
	
	<update id="update" parameterType="BoardDto">
		update board
		set title= #{title}, content= #{content}, up_date= now()
		where bno= #{bno}
	</update>
	
	<update id="increaseViewCnt" parameterType="int">
		update board
		set view_cnt= view_cnt+1
		where bno= #{bno}
	</update>
	
	<sql id="selectFromBoard">
		select bno, title, content, writer, view_cnt, reg_date from board
	</sql>
	
	<select id="selectPage" parameterType="map" resultType="BoardDto">
		<include refid="selectFromBoard"/>
		order by reg_date desc, bno desc limit #{offset},#{pageSize}
	</select>
	
	<select id="selectNoticePage" parameterType="map" resultType="BoardDto">
		<include refid="selectFromBoard"/>
		order by reg_date desc, bno desc limit 3
	</select>
	
	<select id="searchSelectPage" parameterType="SearchCondition" resultType="BoardDto">
		<include refid="selectFromBoard"/>
		where true
		<include refid="searchCondition"/>
		order by reg_date desc, bno desc
		limit #{offset}, #{pageSize}
	</select>
	
	<select id="searchResultCnt" parameterType="SearchCondition" resultType="int">
		select count(*) from board
		where true
		<include refid="searchCondition"/>
	</select>
	
	<sql id="searchCondition">
		<choose>
			<when test='option=="T"'>
				and title like concat('%',#{keyword},'%')
			</when>
			<when test='option=="W"'>
				and writer like concat('%',#{keyword},'%')
			</when>
			<otherwise>
				and (title like concat('%',#{keyword},'%')
				or content
				like concat('%',#{keyword},'%'))
			</otherwise>
		</choose>
	</sql>
	
</mapper>