<?xml version="1.0" encoding="UTF-8" ?>
<!DOCTYPE mapper PUBLIC "-//mybatis.org//DTD Mapper 3.0//EN"
        "http://mybatis.org/dtd/mybatis-3-mapper.dtd">
        
<mapper namespace = "com.greenart.ch1">
	<select id="r_count" resultType="int">
		select count(*) from recommend
	</select>
	
	<select id="r_selectAll" resultType="RecommendDto">
		select * from recommend order by rec_reg_date desc, rec_num desc
	</select>
	
	<select id="r_selectTop" resultType="RecommendDto">
		select * from recommend where month(rec_reg_date) = month(now()) order by rec_recommend desc, rec_reg_date desc, rec_num desc limit 3
	</select>
	
	<select id="r_select" parameterType="int" resultType="RecommendDto">
		select * from recommend where rec_num = #{rec_num}
	</select>
	
	<select id="r_selectReview" resultType ="RecommendDto">
		select * from recommend where pd_num = #{pd_num} and rec_writer=#{id}
	</select>
	
	<delete id="r_deleteAll">
		delete from recommend
	</delete>
	
	<delete id="r_delete" parameterType="map">
		delete from recommend where rec_num= #{rec_num} and rec_writer= #{rec_writer}
	</delete>
	
	<insert id="r_insert" parameterType="RecommendDto">
		insert into recommend (rec_title, rec_content,rec_writer,pd_num) values(#{rec_title}, #{rec_content}, #{rec_writer},#{pd_num})
	</insert>
	
	<update id="r_update" parameterType="RecommendDto">
		update recommend
		set rec_title= #{rec_title}, rec_content= #{rec_content}, rec_up_date= now()
		where rec_num= #{rec_num}
	</update>
	
	<update id="r_increaseViewCnt" parameterType="int">
		update recommend
		set rec_view= rec_view+1
		where rec_num= #{rec_num}
	</update>
	
	<update id="r_increaseCommCnt" parameterType="int">
		update recommend
		set rec_comment= rec_comment+1
		where rec_num= #{rec_num}
	</update>
	
	<update id="r_decreaseCommCnt" parameterType="int">
		update recommend
		set rec_comment= rec_comment-1
		where rec_num= #{rec_num}
	</update>
	
	<update id="r_increaseRecCnt" parameterType="int">
		update recommend
		set rec_recommend= rec_recommend+1
		where rec_num= #{rec_num}
	</update>
	
	<update id="r_decreaseRecCnt" parameterType="int">
		update recommend
		set rec_recommend= rec_recommend-1
		where rec_num= #{rec_num}
	</update>
	
	<update id="r_increaseRecBool" parameterType="RecommendDto">
		update recommendboolean
		set recbool= 1
		where rec_num= #{rec_num} and mem_id = #{mem_id}
	</update>
	
	<update id="r_decreaseRecBool" parameterType="RecommendDto">
		update recommendboolean
		set recbool= 0
		where rec_num= #{rec_num} and mem_id = #{mem_id}
	</update>
	
	<select id="rb_select" parameterType="RecommendDto" resultType="RecommendDto">
		select * from recommendboolean where rec_num = #{rec_num} and mem_id = #{mem_id}
	</select>
	
	<insert id="rb_insert" parameterType="RecommendDto">
		insert into recommendboolean (rec_num, mem_id) values(#{rec_num}, #{mem_id})
	</insert>
	
	<sql id="r_selectFromrecommend">
		select rec_num, rec_title, rec_content, rec_writer, rec_view,rec_recommend, rec_comment, rec_reg_date from recommend
	</sql>
	
	<select id="r_selectPage" parameterType="map" resultType="RecommendDto">
		<include refid="r_selectFromrecommend"/>
		order by rec_reg_date desc, rec_num desc limit #{offset},#{pageSize}
	</select>
	
	<select id="r_searchSelectPage" parameterType="SearchCondition" resultType="RecommendDto">
		<include refid="r_selectFromrecommend"/>
		where true
		<include refid="r_searchCondition"/>
		order by rec_reg_date desc, rec_num desc
		limit #{offset}, #{pageSize}
	</select>
	
	<select id="r_searchSelectRecommendPage" parameterType="SearchCondition" resultType="RecommendDto">
		<include refid="r_selectFromrecommend"/>
		where rec_recommend >= 10
		<include refid="r_searchCondition"/>
		order by rec_reg_date desc, rec_num desc
		limit #{offset}, #{pageSize}
	</select>
	
	<select id="r_searchResultCnt" parameterType="SearchCondition" resultType="int">
		select count(*) from recommend
		where true
		<include refid="r_searchCondition"/>
	</select>
	
	<select id="r_searchResultRecommendCnt" parameterType="SearchCondition" resultType="int">
		select count(*) from recommend
		where rec_recommend >= 10
		<include refid="r_searchCondition"/>
	</select>
	
	<sql id="r_searchCondition">
		<choose>
			<when test='option=="T"'>
				and rec_title like concat('%',#{keyword},'%')
			</when>
			<when test='option=="W"'>
				and rec_writer like concat('%',#{keyword},'%')
			</when>
			<otherwise>
				and (rec_title like concat('%',#{keyword},'%')
				or 
				rec_content like concat('%',#{keyword},'%'))
			</otherwise>
		</choose>
	</sql>
	
</mapper>