<?xml version="1.0" encoding="UTF-8"?>
<beans xmlns=			"http://www.springframework.org/schema/beans"
	xmlns:xsi=			"http://www.w3.org/2001/XMLSchema-instance"
	xmlns:context=		"http://www.springframework.org/schema/context"
	xmlns:aop=			"http://www.springframework.org/schema/aop"
	xmlns:tx=			"http://www.springframework.org/schema/tx"
	xsi:schemaLocation=	"http://www.springframework.org/schema/beans http://www.springframework.org/schema/beans/spring-beans-3.0.xsd  
						 http://www.springframework.org/schema/aop http://www.springframework.org/schema/aop/spring-aop-3.0.xsd  
						 http://www.springframework.org/schema/context http://www.springframework.org/schema/context/spring-context-3.0.xsd  
						 http://www.springframework.org/schema/tx http://www.springframework.org/schema/tx/spring-tx-3.0.xsd  
						 http://www.springframework.org/schema/util http://www.springframework.org/schema/util/spring-util-3.0.xsd">

	<bean id="sqlSessionFactory" class="org.mybatis.spring.SqlSessionFactoryBean">
		<property name="dataSource" ref="dataSource"/>
		<property name="configLocation" value="classpath:mybatis-config.xml"/>
		<property name="mapperLocations" value="classpath:mapper/*Mapper.xml"/>
	</bean>
	
	<bean id="sqlSession" class="org.mybatis.spring.SqlSessionTemplate">
		<constructor-arg ref="sqlSessionFactory"/>
	</bean>
	
	<!-- Root Context: defines shared resources visible to all other web components -->
	<bean id="dataSource" class="org.springframework.jdbc.datasource.DriverManagerDataSource">
		<property name="driverClassName" value="com.mysql.jdbc.Driver"></property>
		<property name="url" value="jdbc:mysql://localhost:3306/bc_db?useUnicode=true&amp;characterEncoding=utf8"></property>
		<property name="username" value="root"></property>
		<property name="password" value="0000"></property>
	</bean>
	 <aop:aspectj-autoproxy />
	 
	 <bean id="transactionManager" class="org.springframework.jdbc.datasource.DataSourceTransactionManager">
		<property name="dataSource" ref="dataSource"/>
	</bean>
	<tx:annotation-driven/>
	
	<bean id="multipartResolver" class="org.springframework.web.multipart.commons.CommonsMultipartResolver">
    <!--  파일업로드 용량 (10MB)-->
      <property name="maxUploadSize" value="10485760"/>
      <property name="defaultEncoding" value="UTF-8" />
   </bean>
	
	<context:component-scan base-package="com.greenart.ch1"/>
</beans>